{
  "obsidian-mind-map:app:markmap-preview": [
    {
      "modifiers": [
        "Mod"
      ],
      "key": "M"
    }
  ],
  "obsidian-enhancing-mindmap:Create New MindMap": [
    {
      "modifiers": [
        "Mod"
      ],
      "key": "A"
    }
  ],
  "obsidian-enhancing-mindmap:Toggle to markdown or mindmap": [
    {
      "modifiers": [
        "Mod",
        "Shift"
      ],
      "key": "A"
    }
  ],
  "obsidian-tasks-plugin:edit-task": [
    {
      "modifiers": [
        "Alt",
        "Mod"
      ],
      "key": "T"
    }
  ]
}