{
  "main": {
    "id": "a36d7a074f8230bb",
    "type": "split",
    "children": [
      {
        "id": "8c83b4aea7951bb1",
        "type": "tabs",
        "children": [
          {
            "id": "6265335289de38da",
            "type": "leaf",
            "state": {
              "type": "markdown",
              "state": {
                "file": "02_编程相关/Obsidian 操作.md",
                "mode": "source",
                "source": false
              }
            }
          }
        ]
      }
    ],
    "direction": "vertical"
  },
  "left": {
    "id": "53c8d35a9d464650",
    "type": "split",
    "children": [
      {
        "id": "98d66c8b6af5045f",
        "type": "tabs",
        "children": [
          {
            "id": "36d90cf40f4adbe5",
            "type": "leaf",
            "state": {
              "type": "file-explorer",
              "state": {
                "sortOrder": "alphabetical"
              }
            }
          },
          {
            "id": "e66b422dfe659f76",
            "type": "leaf",
            "state": {
              "type": "search",
              "state": {
                "query": "a",
                "matchingCase": false,
                "explainSearch": false,
                "collapseAll": true,
                "extraContext": false,
                "sortOrder": "alphabetical"
              }
            }
          },
          {
            "id": "dcde30334c9a009f",
            "type": "leaf",
            "state": {
              "type": "starred",
              "state": {}
            }
          },
          {
            "id": "52386537650b48fb",
            "type": "leaf",
            "state": {
              "type": "recent-files",
              "state": {}
            }
          }
        ]
      }
    ],
    "direction": "horizontal",
    "width": 239.50260543823242
  },
  "right": {
    "id": "c175106ce24ab382",
    "type": "split",
    "children": [
      {
        "id": "2ad62707f012fcfe",
        "type": "tabs",
        "dimension": 71.50259067357513,
        "children": [
          {
            "id": "c5720f3ba849a4e7",
            "type": "leaf",
            "state": {
              "type": "backlink",
              "state": {
                "file": "02_编程相关/Obsidian 操作.md",
                "collapseAll": false,
                "extraContext": false,
                "sortOrder": "alphabetical",
                "showSearch": false,
                "searchQuery": "",
                "backlinkCollapsed": false,
                "unlinkedCollapsed": true
              }
            }
          },
          {
            "id": "8b39534951de8d34",
            "type": "leaf",
            "state": {
              "type": "outgoing-link",
              "state": {
                "file": "02_编程相关/Obsidian 操作.md",
                "linksCollapsed": false,
                "unlinkedCollapsed": true
              }
            }
          },
          {
            "id": "6174febeef3da573",
            "type": "leaf",
            "state": {
              "type": "tag",
              "state": {
                "sortOrder": "frequency",
                "useHierarchy": true
              }
            }
          },
          {
            "id": "a7f36191c10900af",
            "type": "leaf",
            "state": {
              "type": "outline",
              "state": {
                "file": "02_编程相关/Obsidian 操作.md"
              }
            }
          },
          {
            "id": "325384cc81907f90",
            "type": "leaf",
            "state": {
              "type": "calendar",
              "state": {}
            }
          },
          {
            "id": "672bd6d22d4f8e7b",
            "type": "leaf",
            "state": {
              "type": "advanced-tables-toolbar",
              "state": {}
            }
          }
        ],
        "currentTab": 3
      },
      {
        "id": "f81509e2e83eef7b",
        "type": "tabs",
        "dimension": 28.497409326424872,
        "children": [
          {
            "id": "b2cabfef89b33414",
            "type": "leaf",
            "state": {
              "type": "timeline",
              "state": {}
            }
          }
        ]
      }
    ],
    "direction": "horizontal",
    "width": 294.5
  },
  "left-ribbon": {
    "hiddenItems": {
      "obsidian-excalidraw-plugin:New Excalidraw drawing": false,
      "switcher:Open quick switcher": false,
      "graph:Open graph view": false,
      "canvas:Create new canvas": false,
      "daily-notes:Open today's daily note": false,
      "templates:Insert template": false,
      "command-palette:Open command palette": false,
      "obsidian-to-notion:Share to notion": false,
      "table-editor-obsidian:Advanced Tables Toolbar": false,
      "obsidian-projects:Open projects": false,
      "big-calendar:Big Calendar": false,
      "obsidian-memos:Memos": false
    }
  },
  "active": "a7f36191c10900af",
  "lastOpenFiles": [
    "01_日记/20230305_Sun.md",
    "00_Templates/日记模板.md",
    "01_日记/20230302_Thu.md",
    "01_日记/20230329_Wed.md",
    "01_日记/20230323_Thu.md",
    "01_日记/20230315_Wed.md",
    "01_日记/20230319_Sun.md",
    "01_日记/20230308_Wed.md",
    "02_编程相关/path.md",
    "01_日记/20230306_Mon.md",
    "01_日记/20230307_Tue.md",
    "02_编程相关/Obsidian 操作.md",
    "01_日记/20230222.md",
    "01_日记/20230226_Sun.md",
    "02_编程相关/Markdown语法.md",
    "01_日记/20230227_Mon.md",
    "Day Planners/Day Planner-20230305.md",
    "Day Planners/Day Planner-20230304.md",
    "Projects - Demo Project/5 Mistakes I Made When I Started Using Obsidian.md",
    "Projects - Demo Project/The Best Notes You'll Ever Make.md",
    "998_新建文件/Untitled mindmap.md",
    "06_运动保养瑜伽/发型护发.md",
    "998_新建文件/大数投资.md",
    "06_运动保养瑜伽/护肤和产品.md",
    "06_运动保养瑜伽/美妆产品和使用.md",
    "999_图片/01_attachments/得到App_2023-02-26_11-56-47.png",
    "图片链接地址.md",
    "999_图片/00_attachments/Pasted image 20230302044503.png",
    "999_图片/00_attachments/Pasted image 20230304145715.png",
    "999_图片/01_attachments/得到App_2023-02-26_11-56-51.png",
    "999_图片/01_attachments/得到App_2023-02-26_11-56-56.png",
    "999_图片/01_attachments/得到App_2023-02-26_11-57-00.png",
    "998_新建文件",
    "06_运动保养瑜伽/头发",
    "Projects - Demo Project",
    "Day Planners",
    "998_新建文件/白条.canvas",
    "07_写作输出",
    "0",
    "05_电影音乐色彩",
    "04_心理历史神经科学",
    "03_经济金融科技商业/CFA相关",
    "03_经济金融科技商业",
    "Pasted image 20230226173053.png",
    "Untitled 2.canvas",
    "Untitled 3.canvas",
    "Untitled 1.canvas"
  ]
}