{
  "main": {
    "id": "cc1d42623339104a",
    "type": "split",
    "children": [
      {
        "id": "a59702f4b3cd3d7b",
        "type": "tabs",
        "children": [
          {
            "id": "4a6df7a9ce034c3e",
            "type": "leaf",
            "state": {
              "type": "empty",
              "state": {}
            }
          }
        ]
      }
    ],
    "direction": "vertical"
  },
  "left": {
    "id": "f19a399731d02304",
    "type": "mobile-drawer",
    "children": [
      {
        "id": "37895be4fafc514d",
        "type": "leaf",
        "state": {
          "type": "file-explorer",
          "state": {
            "sortOrder": "alphabetical"
          }
        }
      },
      {
        "id": "06660ee138927700",
        "type": "leaf",
        "state": {
          "type": "search",
          "state": {
            "query": "",
            "matchingCase": false,
            "explainSearch": false,
            "collapseAll": false,
            "extraContext": false,
            "sortOrder": "alphabetical"
          }
        }
      },
      {
        "id": "2e022879f52f0044",
        "type": "leaf",
        "state": {
          "type": "tag",
          "state": {
            "sortOrder": "frequency",
            "useHierarchy": true
          }
        }
      },
      {
        "id": "6a7deb7729e902ea",
        "type": "leaf",
        "state": {
          "type": "starred",
          "state": {}
        }
      },
      {
        "id": "62f8eca29773fe4f",
        "type": "leaf",
        "state": {
          "type": "recent-files",
          "state": {}
        }
      }
    ],
    "currentTab": 0
  },
  "right": {
    "id": "70abf115cc945ee6",
    "type": "mobile-drawer",
    "children": [
      {
        "id": "2dc0a6c7b58bd5e2",
        "type": "leaf",
        "state": {
          "type": "backlink",
          "state": {
            "collapseAll": false,
            "extraContext": false,
            "sortOrder": "alphabetical",
            "showSearch": false,
            "searchQuery": "",
            "backlinkCollapsed": false,
            "unlinkedCollapsed": true
          }
        }
      },
      {
        "id": "51eb49d0174c16a6",
        "type": "leaf",
        "state": {
          "type": "outgoing-link",
          "state": {
            "linksCollapsed": false,
            "unlinkedCollapsed": true
          }
        }
      },
      {
        "id": "e0bdcdd668a878bd",
        "type": "leaf",
        "state": {
          "type": "outline",
          "state": {}
        }
      },
      {
        "id": "8eda95d663a42c6e",
        "type": "leaf",
        "state": {
          "type": "calendar",
          "state": {}
        }
      }
    ]
  },
  "left-ribbon": {
    "hiddenItems": {
      "obsidian-excalidraw-plugin:New Excalidraw drawing": false,
      "obsidian-to-notion:Share to notion": false,
      "switcher:Open quick switcher": false,
      "graph:Open graph view": false,
      "canvas:Create new canvas": false,
      "daily-notes:Open today's daily note": false,
      "templates:Insert template": false,
      "command-palette:Open command palette": false,
      "obsidian-memos:Memos": false
    }
  },
  "active": "4a6df7a9ce034c3e",
  "lastOpenFiles": [
    "06_运动保养瑜伽/皮肤/00_attachments/得到App_2023-02-26_11-56-56.png",
    "模型评价.md",
    "固收.md",
    "大数投资.md",
    "01_日记/20230227_Mon.md",
    "06_运动保养瑜伽/皮肤/00_attachments/得到App_2023-02-26_11-56-47.png",
    "06_运动保养瑜伽/皮肤/00_attachments/得到App_2023-02-26_11-57-00.png",
    "02_编程相关/path.md",
    "02_编程相关/00_attachments/Pasted image 20230302044503.png",
    "02_编程相关/名词.md",
    "06_运动保养瑜伽/皮肤/00_attachments/得到App_2023-02-26_11-56-51.png",
    "00_Templates/日记模板.md",
    "02_编程相关/Markdown语法.md",
    "01_日记/20230226_Sun.md",
    "02_编程相关/Obsidian 操作.md",
    "Untitled Kanban 1.md",
    "06_运动保养瑜伽/皮肤/Basic.md",
    "图片链接地址.md",
    "2023-02-22.md",
    "Untitled 1.canvas",
    "newtrail.md",
    "Untitled.canvas"
  ]
}