{
  "commitMessage": "vault backup: {{date}}",
  "autoCommitMessage": "vault backup: {{date}}",
  "commitDateFormat": "YYYY-MM-DD HH:mm:ss",
  "autoSaveInterval": 300,
  "autoPushInterval": 300,
  "autoPullInterval": 500,
  "autoPullOnBoot": false,
  "disablePush": false,
  "pullBeforePush": true,
  "disablePopups": false,
  "listChangedFilesInMessageBody": false,
  "showStatusBar": true,
  "updateSubmodules": false,
  "syncMethod": "merge",
  "customMessageOnAutoBackup": true,
  "autoBackupAfterFileChange": false,
  "treeStructure": false,
  "refreshSourceControl": true,
  "basePath": "",
  "differentIntervalCommitAndPush": true,
  "changedFilesInStatusBar": false,
  "showedMobileNotice": true,
  "refreshSourceControlTimer": 7000,
  "showBranchStatusBar": true,
  "setLastSaveToLastCommit": false
}